observed_at,available_count,preparing_count,total_rooms,available_rooms
2026-09-02T07:42:26+09:00,6,0,50,305|401|418|501|518|613
2026-09-03T00:32:57+09:00,4,0,50,211|411|502|615
2026-09-03T00:39:10+09:00,4,0,50,211|411|502|615
2026-09-03T00:57:02+09:00,2,0,50,515|615
2026-09-03T01:19:33+09:00,3,0,50,413|515|615
2026-09-03T01:32:51+09:00,3,0,50,413|515|615
2026-09-03T01:46:01+09:00,2,0,50,412|611
2026-09-03T01:56:22+09:00,4,0,50,211|412|513|611
2026-09-03T02:16:13+09:00,2,0,50,412|611
2026-09-03T03:21:29+09:00,2,0,50,317|611
2026-09-03T04:14:56+09:00,2,0,50,317|502
2026-09-03T05:17:42+09:00,2,0,50,205|317
2026-09-03T06:15:54+09:00,1,0,50,205
2026-09-03T07:16:49+09:00,2,0,50,202|303
2026-09-03T08:14:58+09:00,5,0,50,202|302|303|512|517
2026-09-03T09:28:39+09:00,5,6,50,201|212|302|316|416
2026-09-03T10:21:43+09:00,2,2,50,213|402
2026-09-03T10:44:56+09:00,1,2,50,416
2026-09-03T11:22:58+09:00,2,0,50,203|312
2026-09-03T14:20:47+09:00,2,4,50,313|613
2026-09-03T14:55:29+09:00,2,4,50,302|501
2026-09-03T15:24:38+09:00,4,2,50,301|303|403|512
2026-09-03T15:48:50+09:00,4,3,50,201|301|403|512
2026-09-03T16:19:06+09:00,5,4,50,201|301|316|403|416
2026-09-03T16:45:08+09:00,6,2,50,202|301|316|403|412|612
2026-09-03T17:20:04+09:00,6,4,50,202|211|315|405|417|612
2026-09-03T17:46:05+09:00,6,3,50,201|202|405|417|518|612
2026-09-03T18:19:29+09:00,4,3,50,417|505|511|612
2026-09-03T18:32:46+09:00,5,0,50,302|413|505|511|612
2026-09-03T18:45:26+09:00,4,1,50,312|415|502|612
2026-09-03T18:56:20+09:00,4,1,50,215|412|502|612
2026-09-03T19:19:47+09:00,7,2,50,301|305|316|402|503|517|611
2026-09-03T19:32:34+09:00,5,3,50,301|402|411|503|615
2026-09-03T19:43:53+09:00,7,1,50,303|305|315|402|503|512|615
2026-09-03T19:55:20+09:00,4,2,50,205|402|503|612
2026-09-03T20:17:23+09:00,4,2,50,201|501|505|612
2026-09-03T20:29:24+09:00,3,2,50,416|503|505
2026-09-03T20:43:47+09:00,3,4,50,413|501|503
2026-09-03T20:55:30+09:00,5,4,50,211|311|413|501|613
2026-09-03T21:24:42+09:00,3,3,50,205|418|613
2026-09-03T21:49:20+09:00,3,3,50,402|417|512
2026-09-03T21:59:30+09:00,3,3,50,305|402|513
2026-09-03T22:19:44+09:00,3,3,50,101|302|517
2026-09-03T22:32:29+09:00,1,3,50,203
2026-09-03T22:45:33+09:00,3,1,50,203|218|416
2026-09-03T22:56:59+09:00,3,4,50,218|416|515
2026-09-03T23:20:19+09:00,4,3,50,201|311|416|611
2026-09-03T23:33:18+09:00,6,3,50,201|215|303|311|416|501
2026-09-03T23:46:53+09:00,6,0,50,201|211|215|303|311|501
2026-09-03T23:57:32+09:00,5,0,50,201|212|303|311|612
2026-09-04T00:20:56+09:00,4,0,50,201|215|303|312
2026-09-04T00:33:40+09:00,5,0,50,201|215|303|312|412
2026-09-04T00:45:01+09:00,5,0,50,201|215|303|312|412
2026-09-04T00:56:25+09:00,4,0,50,201|215|412|502
2026-09-04T01:19:05+09:00,5,0,50,215|312|412|502|615
2026-09-04T01:32:09+09:00,4,0,50,205|215|312|502
2026-09-04T01:45:02+09:00,4,0,50,205|215|312|502
2026-09-04T01:56:13+09:00,4,0,50,205|215|312|502
2026-09-04T02:16:12+09:00,4,0,50,205|215|312|502
2026-09-04T03:20:28+09:00,6,0,50,205|215|315|417|502|517
2026-09-04T04:14:50+09:00,5,0,50,205|215|315|417|502
2026-09-04T05:16:04+09:00,4,0,50,205|212|415|502
2026-09-04T06:16:36+09:00,4,0,50,202|212|311|502
2026-09-04T07:16:49+09:00,3,0,50,202|218|416
2026-09-04T08:14:35+09:00,5,0,50,218|302|416|513|516
2026-09-04T09:25:15+09:00,5,7,50,202|302|313|401|505
2026-09-04T10:14:21+09:00,2,3,50,202|515
2026-09-04T10:43:40+09:00,3,3,50,202|303|417
2026-09-04T11:17:50+09:00,3,0,50,211|303|411
2026-09-04T11:43:30+09:00,3,1,50,203|218|612
2026-09-04T12:17:55+09:00,1,7,50,612
2026-09-04T12:43:50+09:00,3,4,50,403|511|615
2026-09-04T13:18:41+09:00,6,4,50,305|316|402|515|516|615
2026-09-04T13:44:06+09:00,3,5,50,203|305|615
2026-09-04T14:17:04+09:00,4,2,50,303|413|502|615
2026-09-04T14:43:49+09:00,3,1,50,303|313|612
2026-09-04T15:23:00+09:00,4,0,50,202|303|317|611
2026-09-04T15:48:26+09:00,4,2,50,202|212|501|512
2026-09-04T16:18:05+09:00,3,5,50,202|503|516
2026-09-04T16:45:19+09:00,5,3,50,213|311|416|503|515
2026-09-04T17:20:02+09:00,4,2,50,212|416|503|515
2026-09-04T17:46:17+09:00,5,3,50,212|401|416|503|515
2026-09-04T18:18:59+09:00,6,2,50,215|301|401|417|503|612
2026-09-04T18:32:17+09:00,6,2,50,215|301|401|417|503|516
2026-09-04T18:45:19+09:00,3,2,50,413|503|516
2026-09-04T18:56:06+09:00,5,3,50,312|402|415|501|615
2026-09-04T19:19:08+09:00,2,2,50,315|505
2026-09-04T19:32:14+09:00,3,2,50,313|403|611
2026-09-04T19:44:55+09:00,4,1,50,201|303|513|611
2026-09-04T19:56:17+09:00,5,2,50,201|211|303|513|611
2026-09-04T20:17:45+09:00,2,2,50,517|611
2026-09-04T20:30:49+09:00,1,3,50,101
2026-09-04T20:43:53+09:00,2,2,50,305|502
2026-09-04T20:55:49+09:00,0,3,50,
2026-09-04T21:24:10+09:00,0,3,50,
2026-09-04T21:49:17+09:00,0,1,50,
2026-09-04T21:59:27+09:00,0,0,50,
2026-09-04T22:18:57+09:00,0,2,50,
2026-09-04T22:32:02+09:00,2,5,50,205|412
2026-09-04T22:45:21+09:00,1,5,50,212
2026-09-04T22:56:59+09:00,4,1,50,203|215|313|405
2026-09-04T23:17:39+09:00,3,4,50,215|305|313
2026-09-04T23:30:33+09:00,4,2,50,215|316|502|512
2026-09-04T23:44:35+09:00,5,2,50,202|215|316|503|515
2026-09-04T23:56:42+09:00,4,0,50,215|316|503|513
2026-09-05T00:18:29+09:00,4,0,50,218|416|503|517
2026-09-05T00:31:27+09:00,3,0,50,102|517|611
2026-09-05T00:44:00+09:00,1,0,50,611
2026-09-05T00:55:21+09:00,3,0,50,202|312|611
2026-09-05T01:18:32+09:00,0,0,50,
2026-09-05T01:31:17+09:00,0,0,50,
2026-09-05T01:42:30+09:00,0,0,50,
2026-09-05T01:54:42+09:00,0,0,50,
2026-09-05T02:15:52+09:00,0,0,50,
2026-09-05T03:18:46+09:00,0,0,50,
2026-09-05T04:13:44+09:00,1,0,50,613
2026-09-05T05:16:45+09:00,1,0,50,205
2026-09-05T06:15:52+09:00,1,0,50,203
2026-09-05T07:15:52+09:00,2,0,50,205|515
2026-09-05T08:14:57+09:00,4,0,50,205|503|513|515
2026-09-05T09:27:14+09:00,2,2,50,101|102
2026-09-05T10:15:46+09:00,4,6,50,401|403|412|611
2026-09-05T10:42:45+09:00,3,6,50,402|403|411
2026-09-05T11:17:18+09:00,4,4,50,303|313|403|615
2026-09-05T11:43:17+09:00,3,3,50,303|403|516
2026-09-05T12:17:13+09:00,2,4,50,312|417
2026-09-05T12:42:37+09:00,4,3,50,203|215|301|412
2026-09-05T13:17:31+09:00,2,1,50,301|613
2026-09-05T13:42:40+09:00,3,4,50,316|402|416
2026-09-05T14:15:50+09:00,1,1,50,101
2026-09-05T14:41:23+09:00,0,3,50,
2026-09-05T15:21:29+09:00,4,3,50,205|302|305|501
2026-09-05T15:44:58+09:00,2,1,50,102|417
2026-09-05T16:15:50+09:00,5,7,50,303|315|401|415|516
2026-09-05T16:41:34+09:00,3,2,50,203|211|312
2026-09-05T17:18:07+09:00,4,3,50,215|416|502|612
2026-09-05T17:42:48+09:00,3,1,50,212|402|612
2026-09-05T18:16:36+09:00,2,1,50,201|202
2026-09-05T18:28:10+09:00,3,1,50,205|305|415
2026-09-05T18:41:41+09:00,2,2,50,313|418
2026-09-05T18:55:11+09:00,4,4,50,313|403|418|513
2026-09-05T19:16:42+09:00,0,1,50,
2026-09-05T19:28:24+09:00,0,3,50,
2026-09-05T19:41:48+09:00,0,0,50,
2026-09-05T19:55:12+09:00,0,2,50,
2026-09-05T20:16:01+09:00,1,3,50,215
2026-09-05T20:27:27+09:00,2,2,50,202|518
2026-09-05T20:40:59+09:00,1,2,50,518
2026-09-05T20:55:25+09:00,1,5,50,502
2026-09-05T21:21:25+09:00,0,4,50,
2026-09-05T21:35:16+09:00,1,4,50,303
2026-09-05T21:47:52+09:00,1,3,50,416
2026-09-05T21:56:29+09:00,0,0,50,
2026-09-05T22:16:20+09:00,0,0,50,
2026-09-05T22:27:48+09:00,0,0,50,
2026-09-05T22:40:46+09:00,0,1,50,
2026-09-05T22:55:43+09:00,0,4,50,
2026-09-05T23:16:34+09:00,1,2,50,403
2026-09-05T23:28:11+09:00,0,0,50,
2026-09-05T23:41:36+09:00,0,1,50,
2026-09-05T23:55:21+09:00,0,1,50,
2026-09-06T00:16:27+09:00,0,0,50,
2026-09-06T00:27:37+09:00,0,0,50,
2026-09-06T00:41:57+09:00,1,0,50,517
2026-09-06T00:54:44+09:00,3,0,50,318|417|517
2026-09-06T01:17:11+09:00,0,0,50,
2026-09-06T01:28:36+09:00,0,0,50,
2026-09-06T01:41:29+09:00,0,0,50,
2026-09-06T01:54:55+09:00,0,0,50,
2026-09-06T02:14:38+09:00,0,0,50,
2026-09-06T03:18:25+09:00,0,0,50,
2026-09-06T04:14:22+09:00,0,0,50,
2026-09-06T05:16:36+09:00,0,0,50,
2026-09-06T06:15:22+09:00,0,0,50,
2026-09-06T07:15:40+09:00,0,0,50,
2026-09-06T08:14:49+09:00,2,0,50,315|518
2026-09-06T09:29:22+09:00,0,6,50,
2026-09-06T10:15:52+09:00,1,7,50,502
2026-09-06T10:43:52+09:00,4,6,50,201|203|405|502
2026-09-06T11:17:31+09:00,4,6,50,201|212|302|612
2026-09-06T11:43:18+09:00,5,3,50,212|305|312|416|515
2026-09-06T12:17:42+09:00,5,4,50,315|415|503|518|611
2026-09-06T12:43:33+09:00,3,1,50,101|102|411
2026-09-06T13:18:13+09:00,3,1,50,405|413|513
2026-09-06T13:43:33+09:00,0,0,50,
2026-09-06T14:16:06+09:00,1,2,50,202
2026-09-06T14:41:53+09:00,0,3,50,
2026-09-06T15:21:45+09:00,0,5,50,
2026-09-06T15:46:30+09:00,0,4,50,
2026-09-06T16:16:46+09:00,2,1,50,101|413
2026-09-06T16:42:53+09:00,0,2,50,
2026-09-06T17:18:54+09:00,0,1,50,
2026-09-06T17:44:13+09:00,4,5,50,313|502|511|611
2026-09-06T18:17:38+09:00,4,3,50,415|502|512|611
2026-09-06T18:30:02+09:00,5,3,50,201|418|502|516|611
2026-09-06T18:42:42+09:00,4,3,50,411|502|516|611
2026-09-06T18:55:07+09:00,4,4,50,413|502|516|611
2026-09-06T19:17:42+09:00,5,3,50,302|402|502|516|611
2026-09-06T19:29:39+09:00,8,4,50,202|302|315|402|412|502|516|612
2026-09-06T19:42:37+09:00,6,4,50,202|403|416|502|513|615
2026-09-06T19:55:08+09:00,8,4,50,202|213|401|403|502|513|518|615
2026-09-06T20:16:33+09:00,10,4,50,202|205|213|218|312|401|418|502|513|612
2026-09-06T20:28:12+09:00,11,3,50,211|213|218|312|316|401|418|502|513|612|613
2026-09-06T20:41:46+09:00,9,4,50,213|303|312|316|401|502|513|612|613
2026-09-06T20:55:06+09:00,12,2,50,213|215|303|305|312|316|317|401|502|513|612|613
2026-09-06T21:21:55+09:00,5,3,50,305|312|401|405|515
2026-09-06T21:37:01+09:00,5,1,50,212|305|401|505|515
2026-09-06T21:49:47+09:00,2,1,50,505|515
2026-09-06T21:58:11+09:00,4,0,50,302|315|501|517
2026-09-06T22:17:03+09:00,4,3,50,302|315|501|518
2026-09-06T22:28:14+09:00,4,1,50,301|302|315|501
2026-09-06T22:42:29+09:00,3,0,50,315|417|501
2026-09-06T22:55:44+09:00,2,1,50,318|501
2026-09-06T23:17:12+09:00,4,1,50,201|215|303|311
2026-09-06T23:28:48+09:00,3,1,50,201|315|516
2026-09-06T23:42:20+09:00,5,2,50,201|212|315|503|516
2026-09-06T23:55:47+09:00,5,0,50,201|212|315|503|516
2026-09-07T00:17:23+09:00,3,0,50,201|312|516
2026-09-07T00:28:16+09:00,2,0,50,202|401
2026-09-07T00:42:23+09:00,2,0,50,201|202
2026-09-07T00:54:38+09:00,1,0,50,202
2026-09-07T01:18:13+09:00,2,0,50,102|203
2026-09-07T01:30:09+09:00,3,0,50,203|205|516
2026-09-07T01:42:18+09:00,4,0,50,203|205|516|517
2026-09-07T01:54:43+09:00,2,0,50,205|516
2026-09-07T02:14:31+09:00,3,0,50,205|403|516
2026-09-07T03:18:38+09:00,3,0,50,203|511|516
2026-09-07T04:14:22+09:00,3,0,50,318|415|516
2026-09-07T05:16:54+09:00,4,0,50,302|318|415|516
2026-09-07T06:15:38+09:00,4,0,50,302|318|415|516
2026-09-07T07:16:45+09:00,6,1,50,205|218|302|312|415|516
2026-09-07T08:15:16+09:00,8,0,50,202|205|212|218|301|312|415|516
2026-09-07T09:29:16+09:00,8,2,50,202|212|218|301|401|403|515|516
2026-09-07T10:17:05+09:00,5,4,50,202|211|301|403|515
2026-09-07T10:44:41+09:00,6,1,50,202|211|301|417|502|516
2026-09-07T11:18:22+09:00,5,2,50,202|213|301|502|516
2026-09-07T11:44:46+09:00,5,2,50,215|302|316|413|502
2026-09-07T12:19:21+09:00,6,4,50,205|215|302|315|401|611
2026-09-07T12:46:05+09:00,8,3,50,205|215|302|315|401|412|513|611
2026-09-07T13:19:07+09:00,3,3,50,302|313|501
2026-09-07T13:45:55+09:00,6,2,50,302|501|513|517|518|611
2026-09-07T14:17:35+09:00,3,1,50,302|501|615
2026-09-07T14:45:06+09:00,3,0,50,301|502|615
2026-09-07T15:26:29+09:00,4,2,50,305|502|613|615
2026-09-07T15:50:41+09:00,3,2,50,201|302|615
2026-09-07T16:20:38+09:00,6,3,50,201|211|302|312|415|615
2026-09-07T16:46:39+09:00,8,2,50,201|302|405|412|417|505|517|615
2026-09-07T17:20:49+09:00,4,3,50,201|405|516|615
2026-09-07T17:46:45+09:00,5,3,50,202|405|412|516|612
2026-09-07T18:20:37+09:00,4,1,50,202|405|517|612
2026-09-07T18:35:45+09:00,3,2,50,411|505|612
2026-09-07T18:49:09+09:00,4,2,50,212|313|505|613
2026-09-07T18:58:33+09:00,5,2,50,213|401|502|511|613
2026-09-07T19:19:18+09:00,6,2,50,205|302|401|413|502|515
2026-09-07T19:33:13+09:00,3,2,50,205|402|502
2026-09-07T19:45:48+09:00,4,0,50,205|402|502|611
2026-09-07T19:56:32+09:00,4,3,50,205|213|312|503
2026-09-07T20:19:02+09:00,4,4,50,205|303|503|517
2026-09-07T20:33:18+09:00,5,3,50,202|303|316|501|517
2026-09-07T20:45:52+09:00,5,2,50,202|303|316|501|517
2026-09-07T20:56:52+09:00,6,3,50,202|303|316|416|501|517
2026-09-07T21:25:05+09:00,5,0,50,205|211|316|405|501
2026-09-07T21:50:05+09:00,5,1,50,205|211|318|501|516
2026-09-07T22:00:28+09:00,5,1,50,211|305|412|505|516
2026-09-07T22:20:50+09:00,5,1,50,205|315|415|505|516
2026-09-07T22:35:06+09:00,5,3,50,205|315|415|505|516
2026-09-07T22:48:19+09:00,5,1,50,205|313|402|505|516
2026-09-07T22:58:04+09:00,5,2,50,205|213|402|505|516
2026-09-07T23:19:14+09:00,5,2,50,215|301|317|501|516
2026-09-07T23:33:13+09:00,4,0,50,215|301|501|516
2026-09-07T23:46:48+09:00,4,0,50,215|401|501|516
2026-09-07T23:57:40+09:00,4,0,50,203|305|501|516
2026-09-08T00:17:54+09:00,4,0,50,203|411|501|518
2026-09-08T00:31:28+09:00,3,0,50,203|411|501
2026-09-08T00:44:25+09:00,4,0,50,203|311|501|615
2026-09-08T00:56:30+09:00,4,0,50,203|311|501|615
2026-09-08T01:18:33+09:00,5,0,50,203|218|301|315|615
2026-09-08T01:32:12+09:00,5,0,50,203|218|301|315|615
2026-09-08T01:44:36+09:00,4,0,50,203|218|301|311
2026-09-08T01:56:13+09:00,4,0,50,203|213|301|311
2026-09-08T02:15:48+09:00,4,0,50,203|213|301|311
2026-09-08T03:20:22+09:00,2,0,50,301|311
2026-09-08T04:15:45+09:00,4,0,50,211|302|316|501
2026-09-08T05:17:31+09:00,3,0,50,302|316|501
2026-09-08T06:16:41+09:00,1,0,50,301
2026-09-08T07:16:51+09:00,3,0,50,303|415|615
2026-09-08T08:16:22+09:00,3,0,50,303|415|615
2026-09-08T09:28:46+09:00,6,2,50,202|213|303|415|516|615
2026-09-08T10:18:56+09:00,4,5,50,302|405|417|516
2026-09-08T10:45:32+09:00,8,4,50,202|317|401|405|411|413|516|613
2026-09-08T11:18:46+09:00,5,0,50,401|503|516|612|613
2026-09-08T11:45:20+09:00,4,2,50,212|403|503|516
2026-09-08T12:19:05+09:00,3,4,50,202|503|518
2026-09-08T12:45:36+09:00,7,2,50,201|215|305|313|505|511|515
2026-09-08T13:21:23+09:00,3,3,50,215|416|515
2026-09-08T13:45:31+09:00,4,1,50,403|412|418|615
2026-09-08T14:18:01+09:00,0,4,50,
2026-09-08T14:45:08+09:00,2,2,50,302|518
2026-09-08T15:24:39+09:00,5,3,50,202|205|211|213|315
2026-09-08T15:49:56+09:00,2,4,50,215|312
2026-09-08T16:19:47+09:00,6,3,50,301|302|313|403|405|513
2026-09-08T16:46:40+09:00,4,1,50,301|513|517|615
2026-09-08T17:21:05+09:00,7,2,50,202|302|313|405|412|501|615
2026-09-08T17:46:58+09:00,6,3,50,202|302|405|417|503|612
2026-09-08T18:19:44+09:00,5,1,50,201|305|402|503|512
2026-09-08T18:34:09+09:00,4,3,50,201|402|503|512
2026-09-08T18:47:48+09:00,6,0,50,303|315|402|503|512|611
2026-09-08T18:58:16+09:00,3,1,50,303|315|402
2026-09-08T19:20:04+09:00,4,4,50,203|218|312|613
2026-09-08T19:34:05+09:00,5,2,50,203|205|318|513|517
2026-09-08T19:47:01+09:00,2,3,50,203|517
2026-09-08T19:56:38+09:00,2,4,50,205|517
2026-09-08T20:18:13+09:00,5,3,50,212|313|401|403|417
2026-09-08T20:31:56+09:00,5,3,50,313|401|403|412|612
2026-09-08T20:44:58+09:00,5,1,50,316|401|412|502|615
2026-09-08T20:56:49+09:00,4,4,50,412|502|503|615
2026-09-08T21:25:17+09:00,4,1,50,213|218|403|501
2026-09-08T21:50:48+09:00,4,3,50,218|302|405|502
2026-09-08T22:01:36+09:00,4,3,50,302|405|416|502
2026-09-08T22:21:20+09:00,5,3,50,202|302|312|405|502
2026-09-08T22:35:54+09:00,6,4,50,202|302|312|405|413|502
2026-09-08T22:50:06+09:00,5,3,50,302|312|401|413|502
2026-09-08T22:59:51+09:00,7,5,50,215|302|305|312|401|502|513
2026-09-08T23:21:16+09:00,8,1,50,212|215|302|312|401|412|502|512
2026-09-08T23:36:18+09:00,6,2,50,302|312|316|401|412|512
2026-09-08T23:50:41+09:00,6,2,50,302|316|402|412|505|512
2026-09-09T00:01:16+09:00,7,0,50,203|212|302|316|402|412|512
2026-09-09T00:20:14+09:00,6,0,50,211|305|316|402|417|513
2026-09-09T00:35:14+09:00,5,0,50,305|316|402|417|513
2026-09-09T00:49:24+09:00,5,0,50,302|313|401|417|516
2026-09-09T00:59:03+09:00,5,0,50,302|313|401|417|516
2026-09-09T01:20:23+09:00,6,0,50,213|302|316|403|417|505
2026-09-09T01:35:44+09:00,5,0,50,302|316|403|417|505
2026-09-09T01:48:08+09:00,5,0,50,302|316|403|417|505
2026-09-09T01:56:44+09:00,5,0,50,302|316|403|417|505
2026-09-09T02:17:20+09:00,6,0,50,302|312|403|411|505|613
2026-09-09T03:21:02+09:00,4,0,50,302|312|403|613
2026-09-09T04:16:36+09:00,3,0,50,205|518|613
2026-09-09T05:17:15+09:00,4,0,50,302|318|402|418
2026-09-09T06:15:38+09:00,3,0,50,301|318|511
2026-09-09T07:16:41+09:00,2,0,50,417|611
2026-09-09T08:15:56+09:00,3,0,50,415|417|611
2026-09-09T09:28:53+09:00,7,3,50,201|302|318|517|611|612|615
2026-09-09T10:17:24+09:00,8,3,50,201|205|302|305|312|313|317|612
2026-09-09T10:44:55+09:00,6,3,50,205|302|305|317|403|612
2026-09-09T11:18:45+09:00,5,1,50,205|212|302|403|502
2026-09-09T11:45:21+09:00,4,2,50,203|212|403|502
2026-09-09T12:19:03+09:00,0,4,50,
2026-09-09T12:45:36+09:00,2,3,50,211|512
2026-09-09T13:19:18+09:00,0,3,50,
2026-09-09T13:45:31+09:00,0,5,50,
2026-09-09T14:17:42+09:00,3,3,50,101|212|502
2026-09-09T14:44:44+09:00,4,2,50,212|403|418|502
2026-09-09T15:24:22+09:00,5,2,50,211|303|313|401|503
2026-09-09T15:49:33+09:00,7,3,50,205|303|315|401|417|503|615
2026-09-09T16:20:17+09:00,7,4,50,201|213|302|315|503|512|611
2026-09-09T16:46:06+09:00,8,1,50,205|213|302|315|401|503|516|611
2026-09-09T17:19:58+09:00,9,3,50,205|213|302|317|401|505|511|516|611
2026-09-09T17:45:56+09:00,7,4,50,205|213|302|317|418|516|615
2026-09-09T18:19:31+09:00,9,1,50,205|215|302|311|405|503|512|613|615
2026-09-09T18:34:31+09:00,7,0,50,205|302|405|503|512|613|615
2026-09-09T18:47:51+09:00,7,1,50,205|302|312|318|405|613|615
2026-09-09T18:57:09+09:00,7,0,50,205|302|312|405|413|613|615
2026-09-09T19:19:28+09:00,5,1,50,205|302|413|612|613
2026-09-09T19:34:20+09:00,6,2,50,205|212|302|412|517|612
2026-09-09T19:47:11+09:00,4,2,50,302|417|502|515
2026-09-09T19:56:46+09:00,3,2,50,302|417|502
2026-09-09T20:18:13+09:00,1,1,50,502
2026-09-09T20:32:07+09:00,3,1,50,201|402|501
2026-09-09T20:44:50+09:00,4,1,50,201|303|311|402
2026-09-09T20:56:31+09:00,4,3,50,201|303|316|402
2026-09-09T21:24:35+09:00,3,3,50,201|213|516
2026-09-09T21:50:23+09:00,3,3,50,202|505|517
2026-09-09T22:01:05+09:00,4,3,50,202|418|505|517
2026-09-09T22:20:37+09:00,3,4,50,202|413|503
2026-09-09T22:35:34+09:00,6,3,50,202|405|411|413|503|615
2026-09-09T22:49:27+09:00,6,5,50,205|405|413|416|503|615
2026-09-09T22:58:42+09:00,9,5,50,205|211|405|413|416|501|503|511|615
2026-09-09T23:19:17+09:00,8,4,50,205|212|303|318|403|416|501|513
2026-09-09T23:34:32+09:00,9,1,50,205|212|303|305|313|318|416|501|513
2026-09-09T23:48:55+09:00,7,1,50,205|212|305|317|416|501|513
2026-09-09T23:58:28+09:00,8,0,50,205|212|302|305|317|416|501|513
2026-09-10T00:18:50+09:00,6,0,50,205|212|305|416|502|513
2026-09-10T00:33:49+09:00,6,0,50,205|212|305|416|503|513
2026-09-10T00:47:35+09:00,6,0,50,205|212|302|416|503|513
2026-09-10T00:55:52+09:00,6,0,50,205|212|302|416|503|513
2026-09-10T01:20:01+09:00,6,0,50,205|212|303|413|503|516
2026-09-10T01:34:44+09:00,4,0,50,205|412|503|516
2026-09-10T01:47:41+09:00,5,0,50,205|402|412|503|516
2026-09-10T01:56:29+09:00,4,0,50,402|412|503|516
2026-09-10T02:16:36+09:00,4,0,50,402|415|503|516
2026-09-10T03:21:23+09:00,2,0,50,213|502
2026-09-10T04:15:47+09:00,3,0,50,205|402|505
2026-09-10T05:18:03+09:00,3,0,50,205|218|503
2026-09-10T06:15:26+09:00,5,0,50,218|401|415|512|517
2026-09-10T07:16:11+09:00,6,0,50,213|218|401|415|512|517
2026-09-10T08:15:18+09:00,9,0,50,205|213|302|315|318|403|503|513|612
2026-09-10T09:23:43+09:00,6,4,50,205|302|402|403|503|517
2026-09-10T10:17:28+09:00,4,1,50,205|215|302|503
2026-09-10T10:45:08+09:00,3,0,50,303|403|501
2026-09-10T11:18:45+09:00,1,2,50,201
2026-09-10T11:45:41+09:00,3,1,50,211|305|311
2026-09-10T12:19:10+09:00,2,4,50,102|202
2026-09-10T12:45:41+09:00,1,5,50,413
2026-09-10T13:18:58+09:00,4,4,50,205|316|517|611
2026-09-10T13:45:44+09:00,4,3,50,201|402|503|516
2026-09-10T14:17:25+09:00,1,2,50,302
2026-09-10T14:44:42+09:00,2,4,50,305|518
2026-09-10T15:24:33+09:00,5,3,50,202|305|312|412|501
2026-09-10T15:49:48+09:00,4,1,50,202|313|403|501
2026-09-10T16:20:09+09:00,4,4,50,202|213|403|512
2026-09-10T16:46:08+09:00,6,1,50,213|301|403|413|516|612
2026-09-10T17:20:52+09:00,6,3,50,211|301|403|413|505|516
2026-09-10T17:46:43+09:00,4,4,50,212|403|505|516
2026-09-10T18:19:27+09:00,4,2,50,201|211|317|503
2026-09-10T18:34:16+09:00,4,2,50,202|212|318|402
2026-09-10T18:47:29+09:00,4,1,50,312|402|501|518
2026-09-10T18:57:22+09:00,4,1,50,312|403|501|518
2026-09-10T19:19:34+09:00,5,2,50,302|317|405|418|611
2026-09-10T19:33:54+09:00,4,1,50,302|418|517|611
2026-09-10T19:46:38+09:00,5,1,50,215|305|502|517|611
2026-09-10T19:56:27+09:00,6,2,50,215|305|313|502|517|611
2026-09-10T20:18:06+09:00,7,3,50,215|301|305|413|502|516|611
2026-09-10T20:31:39+09:00,4,1,50,201|305|611|615
2026-09-10T20:44:35+09:00,5,2,50,201|316|412|417|611
2026-09-10T20:55:53+09:00,3,3,50,213|316|412
2026-09-10T21:24:38+09:00,3,3,50,205|418|505
2026-09-10T21:50:18+09:00,3,1,50,403|505|613
2026-09-10T22:00:01+09:00,4,2,50,311|403|505|613
2026-09-10T22:19:01+09:00,3,2,50,211|302|411
2026-09-10T22:31:39+09:00,4,3,50,211|302|411|513
2026-09-10T22:45:43+09:00,6,4,50,201|211|302|411|417|518
2026-09-10T22:57:01+09:00,10,2,50,201|202|211|302|317|415|417|501|516|518
2026-09-10T23:18:00+09:00,3,2,50,202|312|501
2026-09-10T23:32:16+09:00,3,2,50,312|413|612
2026-09-10T23:47:10+09:00,5,2,50,201|303|312|502|612
2026-09-10T23:58:22+09:00,5,0,50,201|215|303|517|612
2026-09-11T00:18:46+09:00,4,0,50,201|215|303|612
2026-09-11T00:32:34+09:00,3,0,50,201|215|302
2026-09-11T00:45:20+09:00,3,0,50,201|211|302
2026-09-11T00:55:12+09:00,3,0,50,201|211|302
2026-09-11T01:17:57+09:00,3,0,50,205|211|312
2026-09-11T01:30:43+09:00,4,0,50,205|211|312|417
2026-09-11T01:44:50+09:00,4,0,50,205|211|312|417
2026-09-11T01:56:03+09:00,4,0,50,205|211|312|417
2026-09-11T02:16:27+09:00,3,0,50,205|312|417
2026-09-11T03:19:40+09:00,3,0,50,205|218|312
2026-09-11T04:14:12+09:00,3,0,50,203|405|518
2026-09-11T05:16:17+09:00,2,0,50,203|405
2026-09-11T06:15:16+09:00,3,0,50,201|318|405
2026-09-11T07:15:59+09:00,2,0,50,201|318
2026-09-11T08:14:21+09:00,4,0,50,201|405|501|503
2026-09-11T09:25:23+09:00,4,4,50,205|315|402|501
2026-09-11T10:16:48+09:00,2,3,50,301|316
2026-09-11T10:45:03+09:00,1,1,50,511
2026-09-11T11:18:50+09:00,0,1,50,
2026-09-11T11:45:05+09:00,0,1,50,
2026-09-11T12:18:16+09:00,0,4,50,
2026-09-11T12:45:18+09:00,3,4,50,413|513|515
2026-09-11T13:19:53+09:00,1,4,50,203
2026-09-11T13:45:27+09:00,2,2,50,318|502
2026-09-11T14:17:29+09:00,1,3,50,416
2026-09-11T14:44:39+09:00,2,2,50,505|611
2026-09-11T15:23:21+09:00,2,4,50,213|615
2026-09-11T15:49:25+09:00,2,3,50,212|415
2026-09-11T16:19:00+09:00,3,4,50,205|312|315
2026-09-11T16:45:52+09:00,3,3,50,215|412|515
2026-09-11T17:19:50+09:00,5,2,50,211|318|417|611|613
2026-09-11T17:46:48+09:00,3,3,50,317|511|611
2026-09-11T18:18:55+09:00,4,4,50,205|212|413|612
2026-09-11T18:32:24+09:00,7,2,50,205|212|301|413|502|505|612
2026-09-11T18:45:38+09:00,3,1,50,316|413|612
2026-09-11T18:56:39+09:00,4,2,50,316|418|501|612
2026-09-11T19:19:19+09:00,3,4,50,202|501|615
2026-09-11T19:32:59+09:00,5,4,50,202|305|415|501|615
2026-09-11T19:45:55+09:00,5,4,50,201|305|415|501|615
2026-09-11T19:56:21+09:00,7,4,50,201|211|213|305|401|501|615
2026-09-11T20:18:25+09:00,6,4,50,201|213|401|501|515|615
2026-09-11T20:31:05+09:00,8,5,50,201|203|213|317|401|501|515|516
2026-09-11T20:43:38+09:00,8,3,50,201|213|303|311|405|501|515|516
2026-09-11T20:55:29+09:00,6,3,50,201|213|303|315|501|503
2026-09-11T21:24:15+09:00,4,3,50,215|417|501|517
2026-09-11T21:49:38+09:00,4,2,50,218|302|418|611
2026-09-11T21:59:24+09:00,2,0,50,212|611
2026-09-11T22:19:16+09:00,2,4,50,312|316
2026-09-11T22:33:01+09:00,2,1,50,313|401
2026-09-11T22:46:04+09:00,3,3,50,201|401|502
2026-09-11T22:57:01+09:00,1,5,50,502
2026-09-11T23:19:23+09:00,0,6,50,
2026-09-11T23:33:15+09:00,4,2,50,205|415|503|513
2026-09-11T23:46:44+09:00,4,2,50,203|218|405|503
2026-09-11T23:57:39+09:00,2,1,50,101|503
2026-09-12T00:17:44+09:00,1,0,50,503
2026-09-12T00:31:15+09:00,0,0,50,
2026-09-12T00:44:39+09:00,2,0,50,303|615
2026-09-12T00:56:05+09:00,4,0,50,303|318|517|615
2026-09-12T01:19:02+09:00,2,0,50,317|513
2026-09-12T01:32:32+09:00,3,0,50,318|412|513
2026-09-12T01:45:13+09:00,3,0,50,318|416|517
2026-09-12T01:55:17+09:00,3,0,50,318|416|517
2026-09-12T02:16:09+09:00,3,0,50,313|402|416
2026-09-12T03:20:18+09:00,3,0,50,211|317|412
2026-09-12T04:15:15+09:00,2,0,50,412|515
2026-09-12T05:17:31+09:00,3,0,50,402|412|515
2026-09-12T06:15:51+09:00,3,0,50,402|412|517
2026-09-12T07:16:54+09:00,3,0,50,413|418|517
2026-09-12T08:15:01+09:00,3,0,50,413|418|503
2026-09-12T09:23:30+09:00,4,7,50,301|412|503|612
2026-09-12T10:15:28+09:00,5,6,50,202|215|301|412|615
2026-09-12T10:43:28+09:00,4,5,50,202|311|505|611
2026-09-12T11:18:20+09:00,3,3,50,202|518|613
2026-09-12T11:44:18+09:00,1,1,50,303
2026-09-12T12:17:36+09:00,3,4,50,215|502|612
2026-09-12T12:43:58+09:00,5,3,50,317|402|502|515|612
2026-09-12T13:17:37+09:00,2,4,50,211|403
2026-09-12T13:44:25+09:00,3,1,50,403|517|611
2026-09-12T14:16:36+09:00,2,3,50,413|611
2026-09-12T14:42:52+09:00,1,3,50,516
2026-09-12T15:22:17+09:00,4,4,50,215|403|418|503
2026-09-12T15:47:05+09:00,2,2,50,403|505
2026-09-12T16:16:02+09:00,4,4,50,212|301|402|513
2026-09-12T16:42:03+09:00,4,2,50,402|502|516|518
2026-09-12T17:18:15+09:00,3,5,50,401|411|517
2026-09-12T17:44:02+09:00,3,1,50,201|401|416
2026-09-12T18:17:24+09:00,4,3,50,201|305|405|417
2026-09-12T18:29:34+09:00,4,1,50,201|211|405|501
2026-09-12T18:42:45+09:00,4,2,50,201|211|405|612
2026-09-12T18:55:45+09:00,5,4,50,201|405|412|515|612
2026-09-12T19:17:25+09:00,6,2,50,212|403|413|502|516|615
2026-09-12T19:29:07+09:00,6,4,50,202|212|317|403|502|615
2026-09-12T19:42:32+09:00,4,5,50,202|403|505|615
2026-09-12T19:55:04+09:00,4,4,50,215|403|505|615
2026-09-12T20:16:17+09:00,5,0,50,203|403|502|512|611
2026-09-12T20:28:10+09:00,4,3,50,318|403|405|611
2026-09-12T20:41:57+09:00,5,1,50,318|405|503|517|612
2026-09-12T20:55:16+09:00,4,1,50,316|405|503|612
2026-09-12T21:21:42+09:00,5,0,50,303|311|405|416|503
2026-09-12T21:36:27+09:00,4,0,50,303|311|417|503
2026-09-12T21:49:05+09:00,3,2,50,212|303|311
2026-09-12T21:57:49+09:00,3,1,50,211|403|501
2026-09-12T22:16:42+09:00,1,1,50,515
2026-09-12T22:28:12+09:00,0,0,50,
2026-09-12T22:42:02+09:00,0,4,50,
2026-09-12T22:55:27+09:00,3,3,50,218|317|418
2026-09-12T23:16:37+09:00,3,4,50,213|317|405
2026-09-12T23:30:07+09:00,3,5,50,213|303|415
2026-09-12T23:43:24+09:00,4,4,50,213|303|401|416
2026-09-12T23:55:06+09:00,3,0,50,213|303|416
2026-09-13T00:16:17+09:00,0,0,50,
2026-09-13T00:28:10+09:00,2,0,50,211|315
2026-09-13T00:42:44+09:00,2,0,50,211|403
2026-09-13T00:54:42+09:00,3,0,50,316|402|612
2026-09-13T01:17:29+09:00,2,0,50,316|402
2026-09-13T01:29:24+09:00,1,0,50,316
2026-09-13T01:42:14+09:00,0,0,50,
2026-09-13T01:54:46+09:00,0,0,50,
2026-09-13T02:15:12+09:00,0,0,50,
2026-09-13T03:18:40+09:00,0,0,50,
2026-09-13T04:14:03+09:00,0,0,50,
2026-09-13T05:16:24+09:00,0,0,50,
2026-09-13T06:16:44+09:00,0,0,50,
2026-09-13T07:15:47+09:00,2,0,50,203|515
2026-09-13T08:15:00+09:00,2,0,50,203|413
2026-09-13T09:25:26+09:00,2,3,50,418|613
2026-09-13T10:15:59+09:00,0,6,50,
2026-09-13T10:43:43+09:00,4,7,50,205|412|417|512
2026-09-13T11:18:08+09:00,6,6,50,205|212|312|412|416|612
2026-09-13T11:43:38+09:00,7,5,50,201|212|312|316|412|417|611
2026-09-13T12:18:29+09:00,5,3,50,202|215|316|402|515
2026-09-13T12:44:04+09:00,3,2,50,315|402|503
2026-09-13T13:18:28+09:00,3,2,50,211|411|503
2026-09-13T13:43:47+09:00,5,3,50,211|405|412|503|518
2026-09-13T14:16:59+09:00,0,2,50,
2026-09-13T14:42:42+09:00,0,4,50,
2026-09-13T15:26:55+09:00,0,2,50,
2026-09-13T15:48:34+09:00,0,3,50,
2026-09-13T16:17:18+09:00,2,4,50,412|503
2026-09-13T16:43:08+09:00,4,2,50,202|303|402|613
2026-09-13T17:18:55+09:00,5,4,50,202|213|315|405|615
2026-09-13T18:43:42+09:00,5,3,50,201|215|302|402|611
2026-09-13T19:08:32+09:00,5,5,50,201|402|505|516|611
2026-09-13T19:32:15+09:00,5,4,50,202|301|402|505|613
2026-09-13T19:43:52+09:00,7,2,50,202|301|316|402|413|505|513
2026-09-13T19:55:18+09:00,5,3,50,202|301|402|505|513
2026-09-13T20:16:49+09:00,5,1,50,202|303|401|416|501
2026-09-13T20:28:27+09:00,3,2,50,202|405|411
2026-09-13T20:42:50+09:00,5,0,50,202|315|402|501|511
2026-09-13T20:55:19+09:00,3,1,50,311|402|501
2026-09-13T21:22:05+09:00,5,0,50,213|312|402|503|615
2026-09-13T21:37:04+09:00,2,1,50,503|512
2026-09-13T21:49:34+09:00,2,3,50,205|403
2026-09-13T21:58:23+09:00,3,0,50,205|302|502
2026-09-13T22:16:48+09:00,1,3,50,203
2026-09-13T22:28:22+09:00,3,2,50,203|212|513
2026-09-13T22:42:31+09:00,1,3,50,202
2026-09-13T22:55:09+09:00,4,5,50,202|411|515|613
2026-09-13T23:17:04+09:00,4,4,50,201|303|316|417
2026-09-13T23:29:30+09:00,4,3,50,201|213|303|316
2026-09-13T23:43:11+09:00,5,1,50,201|213|303|405|517
2026-09-13T23:55:23+09:00,4,0,50,201|213|303|517
2026-09-14T00:16:55+09:00,3,0,50,201|213|303
2026-09-14T00:28:46+09:00,4,0,50,203|213|303|305
2026-09-14T00:42:28+09:00,2,0,50,203|305
2026-09-14T00:54:25+09:00,2,0,50,205|303
2026-09-14T01:18:00+09:00,2,0,50,205|303
2026-09-14T01:30:43+09:00,3,0,50,215|303|401
2026-09-14T01:44:17+09:00,4,0,50,215|303|401|515
2026-09-14T01:54:55+09:00,4,0,50,215|303|401|515
2026-09-14T02:15:13+09:00,3,1,50,215|303|515
2026-09-14T03:19:12+09:00,2,0,50,203|502
2026-09-14T04:14:03+09:00,1,0,50,101
2026-09-14T05:17:01+09:00,1,0,50,413
2026-09-14T06:15:52+09:00,1,0,50,302
2026-09-14T07:16:37+09:00,2,0,50,302|315
2026-09-14T08:15:18+09:00,4,0,50,302|313|413|611
2026-09-14T09:25:53+09:00,4,3,50,212|302|312|611
2026-09-14T10:17:57+09:00,3,2,50,302|305|611
2026-09-14T10:44:53+09:00,3,0,50,302|303|612
2026-09-14T11:18:27+09:00,6,0,50,302|303|313|315|501|612
2026-09-14T11:45:28+09:00,5,2,50,303|315|417|501|612
2026-09-14T12:19:41+09:00,4,5,50,213|303|413|501
2026-09-14T12:46:40+09:00,7,4,50,213|401|412|501|503|512|615
2026-09-14T13:19:51+09:00,4,4,50,202|401|505|613
2026-09-14T13:46:24+09:00,5,5,50,202|215|505|515|611
2026-09-14T14:18:15+09:00,2,4,50,202|403
2026-09-14T14:44:40+09:00,6,3,50,202|212|403|418|502|516
2026-09-14T15:26:11+09:00,3,2,50,205|301|516
2026-09-14T15:51:01+09:00,2,1,50,301|305
2026-09-14T16:20:25+09:00,6,3,50,202|213|315|317|403|515
2026-09-14T16:47:06+09:00,6,2,50,202|213|403|503|515|613
2026-09-14T17:20:39+09:00,5,3,50,201|213|302|503|611
2026-09-14T17:47:16+09:00,5,3,50,201|213|411|503|515
2026-09-14T18:20:49+09:00,4,3,50,201|405|503|512
2026-09-14T18:35:30+09:00,5,4,50,201|316|416|503|513
2026-09-14T18:49:24+09:00,4,1,50,201|303|416|503
2026-09-14T18:59:30+09:00,5,0,50,201|205|303|416|503
2026-09-14T19:19:19+09:00,4,2,50,211|303|315|505
2026-09-14T19:33:07+09:00,6,2,50,202|212|303|315|417|505
2026-09-14T19:47:00+09:00,4,4,50,202|303|315|505
2026-09-14T19:56:40+09:00,7,3,50,202|303|311|315|505|512|516
2026-09-14T20:19:19+09:00,8,2,50,202|315|413|418|502|505|516|612
2026-09-14T20:33:57+09:00,5,3,50,202|315|418|505|612
2026-09-14T20:47:30+09:00,6,3,50,202|215|405|505|515|612
2026-09-14T20:58:12+09:00,5,3,50,202|215|313|505|612
2026-09-14T21:24:35+09:00,4,1,50,202|215|501|613
2026-09-14T21:51:18+09:00,3,2,50,215|501|517
2026-09-14T22:03:02+09:00,4,3,50,215|302|501|517
2026-09-14T22:22:30+09:00,3,0,50,212|302|501
2026-09-14T22:57:57+09:00,5,2,50,305|312|401|502|513
2026-09-14T23:21:22+09:00,4,2,50,215|401|502|512
2026-09-14T23:36:49+09:00,4,2,50,205|215|502|615
2026-09-14T23:52:03+09:00,5,0,50,205|215|502|516|615
2026-09-15T00:02:41+09:00,2,0,50,205|502
2026-09-15T00:21:01+09:00,3,0,50,413|516|615
2026-09-15T00:35:38+09:00,1,0,50,516
2026-09-15T00:49:26+09:00,3,0,50,411|503|515
2026-09-15T00:58:04+09:00,3,0,50,411|503|515
2026-09-15T01:18:55+09:00,5,0,50,202|213|412|503|511
2026-09-15T01:33:06+09:00,3,0,50,213|405|517
2026-09-15T01:48:19+09:00,4,0,50,213|303|405|517
2026-09-15T01:58:31+09:00,4,0,50,213|303|405|517
2026-09-15T02:15:50+09:00,3,0,50,213|303|517
2026-09-15T03:20:28+09:00,4,0,50,212|305|315|517
2026-09-15T04:17:43+09:00,2,0,50,212|517
2026-09-15T05:17:50+09:00,4,0,50,218|417|502|515
2026-09-15T06:16:32+09:00,3,0,50,212|502|515
2026-09-15T07:17:34+09:00,2,0,50,502|611
2026-09-15T08:15:38+09:00,4,0,50,305|412|502|611
2026-09-15T09:25:38+09:00,4,5,50,401|412|516|611
2026-09-15T10:20:46+09:00,4,3,50,413|418|501|516
2026-09-15T10:46:40+09:00,2,0,50,405|415
2026-09-15T11:20:22+09:00,0,0,50,
2026-09-15T11:47:07+09:00,0,1,50,
2026-09-15T12:20:13+09:00,1,5,50,505
2026-09-15T12:47:09+09:00,4,4,50,202|301|612|615
2026-09-15T13:20:13+09:00,0,6,50,
2026-09-15T14:18:44+09:00,0,0,50,
2026-09-15T14:46:41+09:00,0,2,50,
2026-09-15T15:25:06+09:00,3,3,50,418|518|612
2026-09-15T15:50:45+09:00,6,5,50,402|412|415|418|612|613
2026-09-15T16:21:19+09:00,6,6,50,402|415|418|502|613|615
2026-09-15T16:47:37+09:00,4,2,50,405|415|502|612
2026-09-15T17:21:22+09:00,8,2,50,202|215|312|317|405|502|517|612
2026-09-15T17:49:15+09:00,11,2,50,201|202|212|317|402|413|502|503|518|612|613
2026-09-15T18:21:27+09:00,12,2,50,202|213|218|311|401|403|413|416|502|503|613|615
2026-09-15T18:38:40+09:00,12,1,50,213|218|401|403|411|413|416|501|503|516|613|615
2026-09-15T18:59:28+09:00,11,3,50,401|403|411|413|416|501|503|516|611|613|615
2026-09-15T19:19:19+09:00,10,2,50,215|301|315|316|401|403|412|503|516|611
2026-09-15T19:33:01+09:00,10,1,50,211|215|301|316|401|403|412|503|513|516
2026-09-15T19:46:15+09:00,9,1,50,201|211|215|301|316|401|403|503|516
2026-09-15T19:57:21+09:00,7,2,50,201|211|215|305|403|503|516
2026-09-15T20:18:05+09:00,2,2,50,503|512
2026-09-15T20:31:15+09:00,5,3,50,212|303|311|402|512
2026-09-15T20:44:30+09:00,5,2,50,212|303|313|317|402
2026-09-15T20:55:41+09:00,5,2,50,212|302|313|402|412
2026-09-15T21:23:25+09:00,4,3,50,212|303|416|505
2026-09-15T21:49:56+09:00,5,1,50,211|301|411|416|418
2026-09-15T22:00:26+09:00,4,2,50,211|301|405|515
2026-09-15T22:20:30+09:00,7,2,50,218|301|405|416|502|516|615
2026-09-15T22:34:08+09:00,7,0,50,215|218|405|416|502|516|615
2026-09-15T22:47:37+09:00,7,4,50,203|215|218|405|416|502|516
2026-09-15T22:57:32+09:00,6,4,50,203|215|302|405|416|517
2026-09-15T23:19:44+09:00,9,2,50,201|215|302|303|315|405|416|501|613
2026-09-15T23:33:08+09:00,8,1,50,303|305|311|402|405|416|501|613
2026-09-15T23:46:54+09:00,7,0,50,212|305|311|402|416|501|613
2026-09-15T23:58:18+09:00,6,0,50,212|311|402|416|501|613
2026-09-16T00:17:37+09:00,5,0,50,205|212|403|411|516
2026-09-16T00:30:17+09:00,5,0,50,205|302|413|516|611
2026-09-16T00:45:26+09:00,6,0,50,205|212|302|401|516|611
2026-09-16T00:56:05+09:00,7,0,50,205|212|302|401|412|516|611
2026-09-16T01:18:22+09:00,7,0,50,205|218|302|311|417|511|613
2026-09-16T01:32:27+09:00,4,0,50,205|303|501|613
2026-09-16T01:45:46+09:00,3,0,50,202|301|501
2026-09-16T01:56:49+09:00,1,0,50,201
2026-09-16T02:15:40+09:00,2,0,50,201|502
2026-09-16T03:18:55+09:00,2,0,50,405|502
2026-09-16T04:15:40+09:00,3,0,50,218|305|311
2026-09-16T05:17:50+09:00,3,0,50,203|218|311
2026-09-16T06:16:34+09:00,2,0,50,203|313
2026-09-16T07:17:17+09:00,2,0,50,317|403
2026-09-16T08:15:44+09:00,4,0,50,302|317|401|403
2026-09-16T09:23:38+09:00,4,7,50,302|316|401|415
2026-09-16T10:17:35+09:00,0,5,50,
2026-09-16T10:43:51+09:00,3,1,50,202|513|516
2026-09-16T11:18:38+09:00,2,2,50,101|203
2026-09-16T11:45:10+09:00,2,1,50,312|612
2026-09-16T12:18:54+09:00,0,5,50,
2026-09-16T12:45:40+09:00,2,4,50,203|303
2026-09-16T13:19:06+09:00,4,5,50,203|318|403|418
2026-09-16T13:45:29+09:00,2,3,50,405|418
2026-09-16T14:17:35+09:00,1,2,50,401
2026-09-16T14:45:00+09:00,1,3,50,101
2026-09-16T15:24:29+09:00,0,3,50,
2026-09-16T15:50:29+09:00,1,3,50,413
2026-09-16T16:19:46+09:00,4,3,50,402|411|503|517
2026-09-16T16:45:30+09:00,4,0,50,402|415|503|517
2026-09-16T17:19:38+09:00,6,4,50,305|311|403|412|503|517
2026-09-16T17:46:53+09:00,6,2,50,305|311|412|501|512|517
2026-09-16T18:19:20+09:00,5,2,50,201|212|501|517|611
2026-09-16T18:33:15+09:00,7,2,50,211|303|316|405|502|517|611
2026-09-16T18:46:49+09:00,7,2,50,205|303|316|405|418|502|611
2026-09-16T18:57:13+09:00,7,3,50,205|213|303|316|405|502|611
2026-09-16T19:20:05+09:00,5,4,50,303|313|502|516|612
2026-09-16T19:33:33+09:00,4,3,50,215|303|502|612
2026-09-16T19:46:24+09:00,5,3,50,303|312|502|613|615
2026-09-16T19:56:37+09:00,6,3,50,303|312|416|502|515|613
2026-09-16T20:18:49+09:00,4,2,50,412|416|502|505
2026-09-16T20:32:36+09:00,4,3,50,201|203|401|502
2026-09-16T20:46:12+09:00,3,3,50,201|501|502
2026-09-16T20:56:22+09:00,4,3,50,202|212|305|501
2026-09-16T21:24:21+09:00,4,2,50,315|401|417|503
2026-09-16T21:50:52+09:00,6,2,50,205|315|401|418|503|513
2026-09-16T22:01:41+09:00,6,1,50,205|215|315|402|503|513
2026-09-16T22:20:45+09:00,7,2,50,215|315|402|405|503|513|516
2026-09-16T22:48:36+09:00,6,3,50,315|402|405|503|513|516
2026-09-16T22:59:00+09:00,8,4,50,211|213|315|402|503|513|516|518
2026-09-16T23:19:42+09:00,6,3,50,302|315|415|503|516|615
2026-09-16T23:33:25+09:00,8,4,50,202|213|302|312|315|503|516|615
2026-09-16T23:46:57+09:00,8,2,50,202|213|305|312|315|417|418|516
2026-09-16T23:57:57+09:00,6,0,50,201|213|303|312|418|503
2026-09-17T00:18:19+09:00,3,0,50,201|403|503
2026-09-17T00:31:21+09:00,3,0,50,202|305|503
2026-09-17T00:44:48+09:00,3,0,50,305|401|503
2026-09-17T00:56:44+09:00,1,0,50,305
2026-09-17T01:19:12+09:00,2,0,50,301|505
2026-09-17T01:31:38+09:00,2,0,50,301|505
2026-09-17T01:45:17+09:00,2,0,50,301|505
2026-09-17T01:56:36+09:00,2,0,50,301|505
2026-09-17T02:15:31+09:00,2,0,50,505|517
2026-09-17T03:20:00+09:00,3,0,50,215|313|417
2026-09-17T04:16:14+09:00,3,0,50,313|417|515
2026-09-17T05:18:16+09:00,3,0,50,313|417|515
2026-09-17T06:17:40+09:00,4,1,50,212|312|415|516
2026-09-17T07:16:23+09:00,4,0,50,212|415|516|611
2026-09-17T08:16:10+09:00,5,0,50,212|415|505|516|611
2026-09-17T09:23:46+09:00,6,5,50,212|303|311|416|517|611
2026-09-17T10:18:02+09:00,4,3,50,201|303|413|611
2026-09-17T10:44:52+09:00,3,0,50,201|311|612
2026-09-17T11:18:10+09:00,1,0,50,201
2026-09-17T11:45:06+09:00,2,3,50,418|505
2026-09-17T12:18:42+09:00,2,5,50,218|613
2026-09-17T12:45:53+09:00,4,2,50,213|402|405|613
2026-09-17T13:19:02+09:00,2,0,50,311|615
2026-09-17T13:45:40+09:00,0,2,50,
2026-09-17T14:17:55+09:00,0,2,50,
2026-09-17T14:45:01+09:00,0,0,50,
2026-09-17T15:24:31+09:00,1,3,50,402
2026-09-17T15:50:28+09:00,4,2,50,212|305|403|413
2026-09-17T16:20:32+09:00,6,3,50,202|305|313|403|413|503
2026-09-17T16:46:08+09:00,5,0,50,202|301|403|412|503
2026-09-17T17:20:48+09:00,6,3,50,218|301|403|412|503|613
2026-09-17T17:45:06+09:00,5,4,50,211|403|412|505|613
2026-09-17T18:19:27+09:00,5,3,50,202|316|505|512|615
2026-09-17T18:33:43+09:00,3,1,50,505|512|611
2026-09-17T18:46:41+09:00,4,2,50,205|313|503|611
2026-09-17T18:56:52+09:00,5,2,50,215|312|401|503|611
2026-09-17T19:19:06+09:00,5,4,50,405|501|517|612|613
2026-09-17T19:32:39+09:00,6,1,50,213|416|418|501|612|613
2026-09-17T19:46:06+09:00,3,2,50,413|418|505
2026-09-17T19:56:27+09:00,4,2,50,212|402|505|516
2026-09-17T20:18:14+09:00,4,3,50,102|211|316|502
2026-09-17T20:31:17+09:00,4,1,50,202|211|403|502
2026-09-17T20:44:32+09:00,3,1,50,202|305|403
2026-09-17T20:56:18+09:00,4,3,50,305|403|511|513
2026-09-17T21:24:14+09:00,3,3,50,201|305|412
2026-09-17T21:49:19+09:00,3,0,50,415|518|611
2026-09-17T22:00:07+09:00,0,1,50,
2026-09-17T22:20:53+09:00,0,4,50,
2026-09-17T22:33:21+09:00,4,3,50,302|503|512|516
2026-09-17T22:47:00+09:00,4,3,50,302|313|503|515
2026-09-17T22:57:11+09:00,4,3,50,302|313|503|515
2026-09-17T23:20:31+09:00,3,2,50,213|503|511
2026-09-17T23:34:01+09:00,4,3,50,213|303|503|512
2026-09-17T23:46:33+09:00,7,2,50,213|303|315|402|416|417|612
2026-09-17T23:57:30+09:00,4,0,50,213|315|402|418
2026-09-18T00:18:26+09:00,3,0,50,213|402|418
2026-09-18T00:31:02+09:00,3,0,50,212|405|502
2026-09-18T00:44:54+09:00,3,0,50,212|405|502
2026-09-18T00:56:04+09:00,4,0,50,213|402|417|505
2026-09-18T01:19:28+09:00,4,0,50,213|301|402|417
2026-09-18T01:32:33+09:00,3,0,50,318|402|417
2026-09-18T01:45:13+09:00,2,0,50,402|417
2026-09-18T01:56:28+09:00,4,0,50,201|211|317|402
2026-09-18T02:15:03+09:00,5,0,50,201|211|402|502|517
2026-09-18T03:20:45+09:00,5,0,50,201|403|413|502|517
2026-09-18T04:15:35+09:00,3,0,50,201|211|413
2026-09-18T05:18:17+09:00,3,0,50,201|402|501
2026-09-18T06:17:06+09:00,3,0,50,402|417|501
2026-09-18T07:16:32+09:00,2,0,50,401|501
2026-09-18T08:14:30+09:00,4,0,50,401|418|501|516
2026-09-18T09:23:52+09:00,6,4,50,202|302|401|501|516|613
2026-09-18T10:17:19+09:00,5,6,50,202|302|313|501|613
2026-09-18T10:43:18+09:00,4,5,50,202|302|505|613
2026-09-18T11:18:05+09:00,4,1,50,202|302|505|513
2026-09-18T11:44:17+09:00,6,1,50,202|215|302|316|415|505
2026-09-18T12:18:03+09:00,4,4,50,202|305|318|402
2026-09-18T12:44:22+09:00,5,3,50,202|305|402|416|615
2026-09-18T13:18:22+09:00,4,3,50,201|303|517|611
2026-09-18T13:44:34+09:00,4,2,50,213|418|502|611
2026-09-18T14:16:46+09:00,1,1,50,211
2026-09-18T14:43:47+09:00,4,0,50,313|316|402|513
2026-09-18T15:23:23+09:00,5,1,50,313|317|402|503|615
2026-09-18T15:48:38+09:00,4,3,50,401|503|516|615
2026-09-18T16:18:35+09:00,5,1,50,205|305|401|515|615
2026-09-18T16:44:18+09:00,6,2,50,213|315|401|403|517|615
2026-09-18T17:19:17+09:00,5,3,50,213|302|403|512|615
2026-09-18T17:45:09+09:00,8,2,50,301|316|403|417|505|518|612|615
2026-09-18T18:18:28+09:00,5,1,50,215|316|403|612|615
2026-09-18T18:31:41+09:00,5,2,50,316|403|503|612|615
2026-09-18T18:44:15+09:00,3,2,50,503|611|615
2026-09-18T18:55:38+09:00,3,4,50,318|515|615
2026-09-18T19:18:56+09:00,6,1,50,201|205|405|412|512|613
2026-09-18T19:32:03+09:00,6,1,50,201|301|405|412|512|613
2026-09-18T19:44:30+09:00,3,0,50,201|303|405
2026-09-18T19:55:26+09:00,4,3,50,201|303|405|502
2026-09-18T20:17:34+09:00,2,1,50,102|203
2026-09-18T20:29:46+09:00,2,1,50,101|203
2026-09-18T20:43:44+09:00,0,1,50,
2026-09-18T20:55:13+09:00,0,1,50,
2026-09-18T21:22:30+09:00,0,4,50,
2026-09-18T21:48:45+09:00,1,3,50,413
2026-09-18T21:58:29+09:00,0,3,50,
2026-09-18T22:17:58+09:00,0,0,50,
2026-09-18T22:30:30+09:00,0,2,50,
2026-09-18T22:44:56+09:00,0,3,50,
2026-09-18T22:55:49+09:00,1,2,50,405
2026-09-18T23:18:35+09:00,1,3,50,315
2026-09-18T23:32:04+09:00,2,4,50,305|315
2026-09-18T23:45:24+09:00,2,2,50,305|512
2026-09-18T23:56:31+09:00,2,0,50,412|417
2026-09-19T00:17:45+09:00,0,0,50,
2026-09-19T00:30:17+09:00,1,0,50,501
2026-09-19T00:44:40+09:00,2,0,50,203|505
2026-09-19T00:56:00+09:00,0,0,50,
2026-09-19T01:17:21+09:00,2,0,50,201|613
2026-09-19T01:29:14+09:00,3,0,50,317|405|613
2026-09-19T01:43:54+09:00,3,0,50,317|405|613
2026-09-19T01:54:35+09:00,2,0,50,318|405
2026-09-19T02:14:56+09:00,2,0,50,301|405
2026-09-19T03:19:27+09:00,1,0,50,212
2026-09-19T04:16:18+09:00,0,0,50,
2026-09-19T05:17:03+09:00,0,0,50,
2026-09-19T06:16:14+09:00,0,0,50,
2026-09-19T07:16:39+09:00,0,0,50,
2026-09-19T08:15:46+09:00,1,0,50,517
2026-09-19T09:23:39+09:00,3,4,50,201|401|612
2026-09-19T10:15:43+09:00,4,8,50,202|403|411|518
2026-09-19T10:43:39+09:00,3,8,50,402|412|512
2026-09-19T11:17:27+09:00,5,2,50,205|213|402|503|611
2026-09-19T11:43:12+09:00,5,1,50,205|215|317|503|611
2026-09-19T12:17:34+09:00,2,4,50,311|511
2026-09-19T12:43:38+09:00,3,2,50,212|303|405
2026-09-19T13:17:56+09:00,0,4,50,
2026-09-19T13:43:38+09:00,2,6,50,316|615
2026-09-19T14:16:22+09:00,3,3,50,201|313|502
2026-09-19T14:42:26+09:00,3,1,50,205|401|502
2026-09-19T15:22:14+09:00,0,4,50,
2026-09-19T15:46:38+09:00,0,4,50,
2026-09-19T16:16:40+09:00,3,2,50,201|213|403
2026-09-19T16:42:37+09:00,0,0,50,
2026-09-19T17:18:36+09:00,0,5,50,
2026-09-19T17:43:43+09:00,1,3,50,513
2026-09-19T18:17:39+09:00,2,2,50,411|612
2026-09-19T18:30:04+09:00,0,3,50,
2026-09-19T18:42:39+09:00,1,2,50,415
2026-09-19T18:55:24+09:00,1,3,50,205
2026-09-19T19:17:39+09:00,4,2,50,303|312|315|611
2026-09-19T19:29:32+09:00,5,3,50,303|315|403|412|611
2026-09-19T19:42:43+09:00,3,1,50,212|403|611
2026-09-19T19:55:34+09:00,3,3,50,202|403|611
2026-09-19T20:17:14+09:00,3,3,50,317|405|513
2026-09-19T20:28:31+09:00,5,2,50,313|402|405|513|516
2026-09-19T20:41:38+09:00,5,2,50,215|313|401|405|416
2026-09-19T20:55:08+09:00,3,3,50,215|401|505
2026-09-19T21:22:04+09:00,2,2,50,211|503
2026-09-19T21:36:41+09:00,2,4,50,316|501
2026-09-19T21:57:44+09:00,0,2,50,
2026-09-19T22:17:38+09:00,1,2,50,512
2026-09-19T22:29:29+09:00,0,0,50,
2026-09-19T22:42:00+09:00,0,0,50,
2026-09-19T22:55:04+09:00,0,0,50,
2026-09-19T23:17:00+09:00,0,1,50,
2026-09-19T23:28:38+09:00,0,1,50,
2026-09-19T23:42:15+09:00,0,4,50,
2026-09-19T23:55:04+09:00,3,1,50,311|501|503
2026-09-20T00:16:21+09:00,0,0,50,
2026-09-20T00:28:20+09:00,3,0,50,212|303|612
2026-09-20T00:41:49+09:00,3,0,50,211|405|612
2026-09-20T00:54:55+09:00,3,0,50,211|405|515
2026-09-20T01:17:21+09:00,2,0,50,202|416
2026-09-20T01:29:14+09:00,2,0,50,102|212
2026-09-20T01:42:41+09:00,0,0,50,
2026-09-20T01:54:47+09:00,1,0,50,501
2026-09-20T02:14:52+09:00,3,0,50,211|303|413
2026-09-20T03:19:04+09:00,1,0,50,405
2026-09-20T04:13:44+09:00,0,0,50,
2026-09-20T05:16:28+09:00,1,0,50,513
2026-09-20T06:15:36+09:00,0,0,50,
2026-09-20T07:15:47+09:00,0,0,50,
2026-09-20T08:14:46+09:00,3,0,50,316|317|518
2026-09-20T09:25:04+09:00,0,2,50,
2026-09-20T10:16:13+09:00,2,6,50,202|502
2026-09-20T10:42:47+09:00,2,7,50,202|615
2026-09-20T11:17:54+09:00,5,2,50,202|213|403|417|615
2026-09-20T11:43:49+09:00,3,5,50,202|403|615
2026-09-20T12:18:24+09:00,2,5,50,201|611
2026-09-20T12:44:19+09:00,5,1,50,201|212|315|517|611
2026-09-20T13:18:22+09:00,4,4,50,205|312|405|611
2026-09-20T13:43:55+09:00,4,1,50,205|303|312|611
2026-09-20T14:17:04+09:00,3,3,50,316|401|612
2026-09-20T14:42:57+09:00,3,3,50,213|305|503
2026-09-20T15:22:58+09:00,2,5,50,201|502
2026-09-20T15:46:56+09:00,2,3,50,202|505
2026-09-20T16:16:52+09:00,3,4,50,202|505|615
2026-09-20T16:42:31+09:00,5,0,50,317|412|505|517|615
2026-09-20T17:18:26+09:00,6,3,50,201|203|318|412|501|511
2026-09-20T17:43:51+09:00,8,4,50,201|205|313|405|412|501|515|611
2026-09-20T18:17:29+09:00,7,4,50,201|213|302|405|418|513|612
2026-09-20T18:29:18+09:00,7,4,50,201|212|302|403|501|513|612
2026-09-20T18:42:42+09:00,8,3,50,201|212|302|403|416|501|517|612
2026-09-20T18:55:14+09:00,7,3,50,201|203|302|316|403|501|612
2026-09-20T19:17:27+09:00,6,0,50,201|203|302|502|503|612
2026-09-20T19:29:37+09:00,4,2,50,302|316|502|612
2026-09-20T19:42:43+09:00,3,2,50,317|502|612
2026-09-20T19:55:13+09:00,5,3,50,213|303|415|505|518
2026-09-20T20:16:34+09:00,4,2,50,303|317|503|512
2026-09-20T20:29:51+09:00,6,0,50,211|303|317|413|503|615
2026-09-20T20:42:08+09:00,4,3,50,303|413|503|615
2026-09-20T20:55:18+09:00,5,1,50,218|303|311|503|611
2026-09-20T21:22:01+09:00,4,2,50,303|313|412|613
2026-09-20T21:36:42+09:00,1,3,50,613
2026-09-20T21:49:21+09:00,4,1,50,212|315|401|613
2026-09-20T21:58:10+09:00,0,0,50,
2026-09-20T22:17:18+09:00,0,2,50,
2026-09-20T22:28:51+09:00,0,0,50,
2026-09-20T22:42:45+09:00,0,4,50,
2026-09-20T22:55:25+09:00,4,4,50,205|302|502|512
2026-09-20T23:17:04+09:00,4,1,50,302|416|502|511
2026-09-20T23:29:17+09:00,3,1,50,302|416|503
2026-09-20T23:42:48+09:00,1,3,50,503
2026-09-20T23:55:07+09:00,2,0,50,402|518
2026-09-21T00:16:46+09:00,0,0,50,
2026-09-21T00:28:29+09:00,3,0,50,215|303|312
2026-09-21T00:42:12+09:00,2,0,50,303|312
2026-09-21T00:54:38+09:00,4,0,50,303|312|403|613
2026-09-21T01:17:43+09:00,4,0,50,303|315|418|613
2026-09-21T01:30:00+09:00,3,0,50,303|315|418
2026-09-21T01:43:08+09:00,0,0,50,
2026-09-21T01:54:37+09:00,0,0,50,
2026-09-21T02:14:47+09:00,0,0,50,
2026-09-21T03:18:32+09:00,0,0,50,
2026-09-21T04:13:59+09:00,0,0,50,
2026-09-21T05:15:47+09:00,0,0,50,
2026-09-21T06:15:53+09:00,0,0,50,
2026-09-21T07:15:53+09:00,1,0,50,202
2026-09-21T08:15:30+09:00,1,0,50,202
2026-09-21T09:24:44+09:00,0,2,50,
2026-09-21T10:17:21+09:00,1,6,50,402
2026-09-21T10:44:29+09:00,5,5,50,201|301|402|403|412
2026-09-21T11:18:15+09:00,7,4,50,301|313|402|411|415|502|516
2026-09-21T11:45:09+09:00,6,4,50,201|318|402|415|502|516
2026-09-21T12:18:46+09:00,9,4,50,301|316|403|412|416|417|502|516|613
2026-09-21T12:46:07+09:00,12,4,50,205|301|316|401|403|412|416|417|502|511|516|613
2026-09-21T13:19:02+09:00,6,0,50,205|213|312|316|502|516
2026-09-21T13:46:21+09:00,6,4,50,205|213|312|316|503|517
2026-09-21T14:18:03+09:00,1,2,50,205
2026-09-21T14:44:38+09:00,6,2,50,205|311|403|415|518|613
2026-09-21T15:25:44+09:00,5,1,50,201|303|405|505|612
2026-09-21T15:50:46+09:00,4,2,50,201|205|505|612
2026-09-21T16:20:00+09:00,5,3,50,205|301|505|513|612
2026-09-21T16:46:09+09:00,6,3,50,202|212|401|411|505|515
2026-09-21T17:20:23+09:00,6,4,50,202|212|401|505|512|611
2026-09-21T17:45:17+09:00,3,3,50,502|518|611
2026-09-21T18:19:59+09:00,3,2,50,316|412|502
2026-09-21T18:33:17+09:00,3,2,50,412|502|611
2026-09-21T18:45:38+09:00,4,0,50,418|502|513|611
2026-09-21T18:56:30+09:00,4,2,50,418|502|513|611
2026-09-21T19:19:00+09:00,4,2,50,212|416|502|611
2026-09-21T19:31:49+09:00,3,0,50,212|502|611
2026-09-21T19:44:14+09:00,6,0,50,212|302|317|415|502|611
2026-09-21T19:55:55+09:00,7,2,50,212|302|313|317|415|502|615
2026-09-21T20:18:36+09:00,9,1,50,202|212|218|302|313|401|415|503|517
2026-09-21T20:32:48+09:00,5,4,50,202|401|415|503|517
2026-09-21T20:45:39+09:00,4,3,50,202|401|415|517
2026-09-21T20:56:18+09:00,4,2,50,202|215|401|511
2026-09-21T21:22:19+09:00,2,3,50,202|313
2026-09-21T21:46:33+09:00,3,0,50,202|213|418
2026-09-21T21:57:09+09:00,3,2,50,202|213|418
2026-09-21T22:18:27+09:00,4,2,50,205|213|402|512
2026-09-21T22:31:42+09:00,3,3,50,205|213|402
2026-09-21T22:45:20+09:00,4,1,50,213|315|402|613
2026-09-21T22:57:16+09:00,3,0,50,213|502|613
2026-09-21T23:19:11+09:00,4,1,50,302|311|413|503
2026-09-21T23:32:40+09:00,2,2,50,302|503
2026-09-21T23:46:09+09:00,4,2,50,201|211|411|503
2026-09-21T23:56:48+09:00,4,0,50,201|211|312|503
2026-09-22T00:16:37+09:00,3,0,50,201|313|503
2026-09-22T00:28:54+09:00,1,0,50,503
2026-09-22T00:44:18+09:00,3,0,50,305|412|503
2026-09-22T00:55:44+09:00,2,0,50,305|503
2026-09-22T01:19:19+09:00,3,0,50,303|403|501
2026-09-22T01:32:09+09:00,4,0,50,218|303|412|501
2026-09-22T01:44:53+09:00,4,0,50,218|303|412|501
2026-09-22T01:56:16+09:00,4,0,50,218|303|412|501
2026-09-22T02:14:38+09:00,3,0,50,303|412|501
2026-09-22T03:19:44+09:00,2,0,50,102|317
2026-09-22T04:15:49+09:00,2,0,50,102|317
2026-09-22T05:17:24+09:00,2,0,50,102|317
2026-09-22T06:16:41+09:00,2,0,50,102|311
2026-09-22T07:16:51+09:00,3,0,50,311|318|516
2026-09-22T08:15:34+09:00,3,0,50,213|318|516
2026-09-22T09:23:27+09:00,4,5,50,213|402|516|517
2026-09-22T10:15:54+09:00,9,5,50,201|202|303|402|405|411|413|503|517
2026-09-22T10:43:16+09:00,11,6,50,201|205|212|401|402|411|502|503|517|611|615
2026-09-22T11:18:15+09:00,3,5,50,302|502|615
2026-09-22T11:44:31+09:00,3,3,50,302|502|615
2026-09-22T12:18:32+09:00,3,5,50,313|402|615
2026-09-22T12:44:46+09:00,6,2,50,305|311|402|403|412|615
2026-09-22T13:18:06+09:00,5,3,50,205|402|416|503|615
2026-09-22T13:44:23+09:00,4,1,50,211|402|503|615
2026-09-22T14:17:28+09:00,2,0,50,203|215
2026-09-22T14:44:17+09:00,0,2,50,
2026-09-22T15:23:17+09:00,2,4,50,201|213
2026-09-22T15:49:37+09:00,3,5,50,418|516|612
2026-09-22T16:18:50+09:00,0,5,50,
2026-09-22T16:44:37+09:00,2,5,50,315|403
2026-09-22T17:19:38+09:00,3,4,50,402|415|513
2026-09-22T17:45:54+09:00,4,4,50,303|516|611|612
2026-09-22T18:18:14+09:00,0,2,50,
2026-09-22T18:30:39+09:00,1,4,50,512
2026-09-22T18:44:16+09:00,0,0,50,
2026-09-22T18:56:10+09:00,0,0,50,
2026-09-22T19:19:51+09:00,0,3,50,
2026-09-22T19:33:19+09:00,0,2,50,
2026-09-22T19:45:58+09:00,0,0,50,
2026-09-22T19:56:06+09:00,0,1,50,
2026-09-22T20:18:19+09:00,1,2,50,403
2026-09-22T20:44:27+09:00,1,2,50,402
2026-09-22T20:55:10+09:00,1,3,50,518
2026-09-22T21:23:15+09:00,2,4,50,202|611
2026-09-22T21:49:00+09:00,4,3,50,201|411|502|516
2026-09-22T21:59:41+09:00,0,3,50,
2026-09-22T22:19:34+09:00,4,4,50,201|411|503|613
2026-09-22T22:33:40+09:00,5,3,50,201|212|305|503|611
2026-09-22T22:46:51+09:00,5,4,50,213|302|305|503|611
2026-09-22T22:57:03+09:00,6,2,50,302|305|312|503|518|611
2026-09-22T23:18:45+09:00,4,4,50,212|305|503|511
2026-09-22T23:33:31+09:00,6,3,50,302|316|416|503|511|612
2026-09-22T23:47:41+09:00,6,1,50,205|302|316|402|417|505
2026-09-22T23:58:26+09:00,5,0,50,205|302|316|402|505
2026-09-23T00:18:10+09:00,4,0,50,302|317|402|503
2026-09-23T00:30:12+09:00,3,0,50,302|402|413
2026-09-23T00:44:06+09:00,3,0,50,302|411|513
2026-09-23T00:55:22+09:00,3,0,50,301|402|513
2026-09-23T01:18:35+09:00,2,0,50,302|513
2026-09-23T01:32:47+09:00,2,0,50,302|315
2026-09-23T01:45:08+09:00,2,0,50,101|511
2026-09-23T01:55:51+09:00,0,0,50,
2026-09-23T02:15:50+09:00,0,0,50,
2026-09-23T03:22:01+09:00,0,0,50,
2026-09-23T04:15:11+09:00,1,0,50,311
2026-09-23T05:16:33+09:00,0,0,50,
2026-09-23T06:15:28+09:00,1,0,50,218
2026-09-23T07:16:13+09:00,2,0,50,405|503
2026-09-23T09:22:34+09:00,0,4,50,
2026-09-23T10:17:02+09:00,1,7,50,215
2026-09-23T10:42:52+09:00,3,5,50,202|313|402
2026-09-23T11:18:26+09:00,2,5,50,201|402
2026-09-23T11:44:28+09:00,3,4,50,201|317|401
2026-09-23T12:18:32+09:00,2,4,50,418|517
2026-09-23T12:45:03+09:00,1,2,50,517
2026-09-23T13:19:15+09:00,0,1,50,
2026-09-23T13:44:55+09:00,0,1,50,
2026-09-23T14:16:55+09:00,0,0,50,
2026-09-23T14:44:04+09:00,0,0,50,
2026-09-23T15:24:07+09:00,0,1,50,
2026-09-23T15:49:23+09:00,2,5,50,318|611
2026-09-23T16:19:10+09:00,4,4,50,218|317|415|612
2026-09-23T16:45:23+09:00,5,1,50,202|405|412|518|612
2026-09-23T17:19:23+09:00,6,3,50,202|401|411|513|611|615
2026-09-23T17:45:48+09:00,5,4,50,202|318|413|517|611
2026-09-23T18:18:36+09:00,4,3,50,402|416|611|615
2026-09-23T18:32:19+09:00,5,4,50,303|313|401|611|615
2026-09-23T18:45:16+09:00,3,2,50,202|303|412
2026-09-23T18:56:40+09:00,2,3,50,202|402
2026-09-23T19:18:34+09:00,3,4,50,202|402|516
2026-09-23T19:32:16+09:00,5,3,50,202|402|502|511|518
2026-09-23T19:45:22+09:00,6,3,50,202|403|418|502|511|515
2026-09-23T19:56:37+09:00,6,3,50,202|211|301|317|403|511
2026-09-23T20:18:21+09:00,5,4,50,202|212|301|305|405
2026-09-23T20:31:27+09:00,6,1,50,202|302|305|405|517|612
2026-09-23T20:44:55+09:00,5,1,50,202|302|312|405|612
2026-09-23T20:56:14+09:00,2,1,50,303|612
2026-09-23T21:23:28+09:00,2,0,50,203|305
2026-09-23T21:49:32+09:00,2,4,50,203|317
2026-09-23T22:20:31+09:00,4,4,50,203|213|412|515
2026-09-23T22:34:02+09:00,2,4,50,213|412
2026-09-23T22:47:17+09:00,3,3,50,213|301|415
2026-09-23T22:56:15+09:00,4,2,50,213|301|401|417
2026-09-23T23:19:30+09:00,5,5,50,215|405|417|503|518
2026-09-23T23:34:09+09:00,6,3,50,215|405|417|503|517|612
2026-09-23T23:48:12+09:00,8,0,50,215|305|405|417|503|516|611|613
2026-09-23T23:58:32+09:00,7,0,50,212|305|405|503|516|611|613
2026-09-24T00:18:02+09:00,6,0,50,305|405|503|516|611|613
2026-09-24T00:31:48+09:00,6,0,50,305|405|503|516|611|613
2026-09-24T00:45:41+09:00,6,0,50,305|405|503|516|611|613
2026-09-24T00:55:48+09:00,4,0,50,201|405|503|516
2026-09-24T01:19:32+09:00,3,0,50,502|503|516
2026-09-24T01:34:22+09:00,4,0,50,402|502|503|516
2026-09-24T01:46:24+09:00,3,0,50,402|502|516
2026-09-24T01:56:03+09:00,3,0,50,402|502|516
2026-09-24T02:17:16+09:00,3,0,50,402|502|516
2026-09-24T03:21:33+09:00,2,0,50,402|517
2026-09-24T04:15:32+09:00,2,0,50,318|401
2026-09-24T05:18:36+09:00,3,1,50,218|401|418
2026-09-24T06:17:15+09:00,3,1,50,218|401|418
2026-09-24T07:16:49+09:00,7,0,50,202|303|405|416|503|517|611
2026-09-24T08:14:09+09:00,8,0,50,202|212|303|405|416|503|517|611
2026-09-24T09:23:58+09:00,5,6,50,202|215|303|405|416
2026-09-24T10:17:19+09:00,5,2,50,201|302|405|412|505
2026-09-24T10:44:31+09:00,4,5,50,201|212|405|411
2026-09-24T11:18:15+09:00,6,3,50,201|212|311|405|413|612
2026-09-24T11:45:13+09:00,4,3,50,201|212|313|413
2026-09-24T12:18:23+09:00,4,4,50,205|318|415|512
2026-09-24T12:45:06+09:00,6,2,50,205|213|305|402|501|613
2026-09-24T13:18:54+09:00,5,3,50,205|213|305|402|613
2026-09-24T13:45:07+09:00,3,1,50,211|303|613
2026-09-24T14:17:34+09:00,4,3,50,305|311|316|503
2026-09-24T14:44:30+09:00,5,2,50,212|316|403|503|612
2026-09-24T15:23:52+09:00,1,1,50,302
2026-09-24T15:49:43+09:00,2,5,50,301|517
2026-09-24T16:19:26+09:00,5,0,50,405|416|505|517|615
2026-09-24T16:45:30+09:00,3,2,50,201|402|505
2026-09-24T17:20:17+09:00,2,4,50,405|411
2026-09-24T17:46:50+09:00,2,3,50,302|501
2026-09-24T18:20:18+09:00,3,4,50,201|215|415
2026-09-24T18:33:35+09:00,2,3,50,201|502
2026-09-24T18:46:35+09:00,3,1,50,403|416|612
2026-09-24T18:56:58+09:00,5,4,50,205|403|416|611|612
2026-09-24T19:19:00+09:00,2,4,50,316|612
2026-09-24T19:33:02+09:00,2,3,50,612|615
2026-09-24T19:45:59+09:00,3,3,50,311|515|615
2026-09-24T19:56:38+09:00,2,5,50,202|303
2026-09-24T20:18:10+09:00,2,3,50,202|411
2026-09-24T20:31:53+09:00,6,5,50,202|302|312|401|417|517
2026-09-24T20:44:44+09:00,7,5,50,201|302|313|401|417|513|516
2026-09-24T20:56:41+09:00,2,2,50,201|505
2026-09-24T21:24:02+09:00,2,2,50,211|402
2026-09-24T21:50:06+09:00,3,4,50,211|402|512
2026-09-24T22:00:31+09:00,3,3,50,218|311|402
2026-09-24T22:20:28+09:00,2,3,50,211|313
2026-09-24T22:34:53+09:00,4,3,50,211|303|515|613
2026-09-24T22:49:01+09:00,3,3,50,515|613|615
2026-09-24T22:59:15+09:00,5,3,50,213|415|515|613|615
2026-09-24T23:19:59+09:00,4,1,50,213|405|415|615
2026-09-24T23:34:32+09:00,4,3,50,213|317|415|513
2026-09-24T23:49:16+09:00,4,0,50,213|317|413|612
2026-09-25T00:00:01+09:00,3,0,50,213|317|612
2026-09-25T00:19:35+09:00,3,0,50,102|315|511
2026-09-25T00:33:12+09:00,6,0,50,102|315|416|417|503|511
2026-09-25T00:46:16+09:00,6,1,50,315|411|417|503|511|515
2026-09-25T00:56:02+09:00,5,0,50,315|417|503|511|515
2026-09-25T01:19:21+09:00,4,0,50,412|417|503|515
